{"apriltags": [{"id": 6, "camName": "back", "rvec": [[-0.34736858778742286], [0.5782226850839932], [-0.23507692597969965]], "tvec": [[-7.745665255170982], [-7.369189327626982], [32.50225316426935]], "timeDetected": 1707256734.286147}, {"id": 4, "camName": "right", "rvec": [[0.07727217229610311], [-0.09335919721859999], [2.905735469496671]], "tvec": [[-2.8992225541927654], [-2.4822687729676267], [11.358019623150447]], "timeDetected": 1707256734.2989984}]}